,Camera,Species,Events,Effort,X,Y,Loc_dist,Road_dist,Veg_type,scrub,grass1,C1,Odo_vir,15,281,758937,2167945,4718,2550,Selva,971,292,C1,Uro_cin,68,281,758937,2167945,4718,2550,Selva,971,293,C1,Can_lat,0,281,758937,2167945,4718,2550,Selva,971,294,C1,Con_leu,22,281,758937,2167945,4718,2550,Selva,971,295,C1,Did_vir,15,281,758937,2167945,4718,2550,Selva,971,296,C1,Lyn_ruf,6,281,758937,2167945,4718,2550,Selva,971,297,C1,Bas_ast,3,281,758937,2167945,4718,2550,Selva,971,298,C1,Syl_flo,0,281,758937,2167945,4718,2550,Selva,971,299,C1,Nas_nar,1,281,758937,2167945,4718,2550,Selva,971,2910,C1,Pec_taj,0,281,758937,2167945,4718,2550,Selva,971,2911,C1,Leo_wie,1,281,758937,2167945,4718,2550,Selva,971,2912,C1,Pro_lot,1,281,758937,2167945,4718,2550,Selva,971,2913,C1,Mep_mac,1,281,758937,2167945,4718,2550,Selva,971,2914,C2,Odo_vir,11,250,758648,2168425,4655,2756,Selva,999,015,C2,Uro_cin,20,250,758648,2168425,4655,2756,Selva,999,016,C2,Can_lat,0,250,758648,2168425,4655,2756,Selva,999,017,C2,Con_leu,0,250,758648,2168425,4655,2756,Selva,999,018,C2,Did_vir,0,250,758648,2168425,4655,2756,Selva,999,019,C2,Lyn_ruf,0,250,758648,2168425,4655,2756,Selva,999,020,C2,Bas_ast,0,250,758648,2168425,4655,2756,Selva,999,021,C2,Syl_flo,0,250,758648,2168425,4655,2756,Selva,999,022,C2,Nas_nar,0,250,758648,2168425,4655,2756,Selva,999,023,C2,Pec_taj,3,250,758648,2168425,4655,2756,Selva,999,024,C2,Leo_wie,0,250,758648,2168425,4655,2756,Selva,999,025,C2,Pro_lot,0,250,758648,2168425,4655,2756,Selva,999,026,C2,Mep_mac,0,250,758648,2168425,4655,2756,Selva,999,027,C3,Odo_vir,18,281,759275,2168699,4187,2118,Selva,982,1728,C3,Uro_cin,9,281,759275,2168699,4187,2118,Selva,982,1729,C3,Can_lat,0,281,759275,2168699,4187,2118,Selva,982,1730,C3,Con_leu,0,281,759275,2168699,4187,2118,Selva,982,1731,C3,Did_vir,0,281,759275,2168699,4187,2118,Selva,982,1732,C3,Lyn_ruf,0,281,759275,2168699,4187,2118,Selva,982,1733,C3,Bas_ast,0,281,759275,2168699,4187,2118,Selva,982,1734,C3,Syl_flo,0,281,759275,2168699,4187,2118,Selva,982,1735,C3,Nas_nar,0,281,759275,2168699,4187,2118,Selva,982,1736,C3,Pec_taj,0,281,759275,2168699,4187,2118,Selva,982,1737,C3,Leo_wie,0,281,759275,2168699,4187,2118,Selva,982,1738,C3,Pro_lot,0,281,759275,2168699,4187,2118,Selva,982,1739,C3,Mep_mac,0,281,759275,2168699,4187,2118,Selva,982,1740,C4,Odo_vir,25,220,758766,2167304,4233,2773,Selva,580,41941,C4,Uro_cin,13,220,758766,2167304,4233,2773,Selva,580,41942,C4,Can_lat,0,220,758766,2167304,4233,2773,Selva,580,41943,C4,Con_leu,0,220,758766,2167304,4233,2773,Selva,580,41944,C4,Did_vir,0,220,758766,2167304,4233,2773,Selva,580,41945,C4,Lyn_ruf,0,220,758766,2167304,4233,2773,Selva,580,41946,C4,Bas_ast,0,220,758766,2167304,4233,2773,Selva,580,41947,C4,Syl_flo,0,220,758766,2167304,4233,2773,Selva,580,41948,C4,Nas_nar,0,220,758766,2167304,4233,2773,Selva,580,41949,C4,Pec_taj,0,220,758766,2167304,4233,2773,Selva,580,41950,C4,Leo_wie,0,220,758766,2167304,4233,2773,Selva,580,41951,C4,Pro_lot,0,220,758766,2167304,4233,2773,Selva,580,41952,C4,Mep_mac,0,220,758766,2167304,4233,2773,Selva,580,41953,C5,Odo_vir,32,281,757761,2162127,3838,2557,Selva,0,28954,C5,Uro_cin,43,281,757761,2162127,3838,2557,Selva,0,28955,C5,Can_lat,0,281,757761,2162127,3838,2557,Selva,0,28956,C5,Con_leu,0,281,757761,2162127,3838,2557,Selva,0,28957,C5,Did_vir,0,281,757761,2162127,3838,2557,Selva,0,28958,C5,Lyn_ruf,0,281,757761,2162127,3838,2557,Selva,0,28959,C5,Bas_ast,0,281,757761,2162127,3838,2557,Selva,0,28960,C5,Syl_flo,0,281,757761,2162127,3838,2557,Selva,0,28961,C5,Nas_nar,0,281,757761,2162127,3838,2557,Selva,0,28962,C5,Pec_taj,0,281,757761,2162127,3838,2557,Selva,0,28963,C5,Leo_wie,0,281,757761,2162127,3838,2557,Selva,0,28964,C5,Pro_lot,0,281,757761,2162127,3838,2557,Selva,0,28965,C5,Mep_mac,0,281,757761,2162127,3838,2557,Selva,0,28966,C6,Odo_vir,8,281,758282,2162556,3991,2291,Pastizal,0,8667,C6,Uro_cin,9,281,758282,2162556,3991,2291,Pastizal,0,8668,C6,Can_lat,75,281,758282,2162556,3991,2291,Pastizal,0,8669,C6,Con_leu,0,281,758282,2162556,3991,2291,Pastizal,0,8670,C6,Did_vir,0,281,758282,2162556,3991,2291,Pastizal,0,8671,C6,Lyn_ruf,4,281,758282,2162556,3991,2291,Pastizal,0,8672,C6,Bas_ast,0,281,758282,2162556,3991,2291,Pastizal,0,8673,C6,Syl_flo,0,281,758282,2162556,3991,2291,Pastizal,0,8674,C6,Nas_nar,1,281,758282,2162556,3991,2291,Pastizal,0,8675,C6,Pec_taj,0,281,758282,2162556,3991,2291,Pastizal,0,8676,C6,Leo_wie,0,281,758282,2162556,3991,2291,Pastizal,0,8677,C6,Pro_lot,0,281,758282,2162556,3991,2291,Pastizal,0,8678,C6,Mep_mac,0,281,758282,2162556,3991,2291,Pastizal,0,8679,C7,Odo_vir,29,281,757714,2163266,3133,2524,Pastizal,0,99980,C7,Uro_cin,10,281,757714,2163266,3133,2524,Pastizal,0,99981,C7,Can_lat,0,281,757714,2163266,3133,2524,Pastizal,0,99982,C7,Con_leu,0,281,757714,2163266,3133,2524,Pastizal,0,99983,C7,Did_vir,0,281,757714,2163266,3133,2524,Pastizal,0,99984,C7,Lyn_ruf,0,281,757714,2163266,3133,2524,Pastizal,0,99985,C7,Bas_ast,0,281,757714,2163266,3133,2524,Pastizal,0,99986,C7,Syl_flo,0,281,757714,2163266,3133,2524,Pastizal,0,99987,C7,Nas_nar,1,281,757714,2163266,3133,2524,Pastizal,0,99988,C7,Pec_taj,2,281,757714,2163266,3133,2524,Pastizal,0,99989,C7,Leo_wie,0,281,757714,2163266,3133,2524,Pastizal,0,99990,C7,Pro_lot,0,281,757714,2163266,3133,2524,Pastizal,0,99991,C7,Mep_mac,0,281,757714,2163266,3133,2524,Pastizal,0,99992,C8,Odo_vir,9,253,756970,2163804,2223,1883,Pastizal,29,99693,C8,Uro_cin,4,253,756970,2163804,2223,1883,Pastizal,29,99694,C8,Can_lat,8,253,756970,2163804,2223,1883,Pastizal,29,99695,C8,Con_leu,0,253,756970,2163804,2223,1883,Pastizal,29,99696,C8,Did_vir,0,253,756970,2163804,2223,1883,Pastizal,29,99697,C8,Lyn_ruf,0,253,756970,2163804,2223,1883,Pastizal,29,99698,C8,Bas_ast,0,253,756970,2163804,2223,1883,Pastizal,29,99699,C8,Syl_flo,0,253,756970,2163804,2223,1883,Pastizal,29,996100,C8,Nas_nar,0,253,756970,2163804,2223,1883,Pastizal,29,996101,C8,Pec_taj,0,253,756970,2163804,2223,1883,Pastizal,29,996102,C8,Leo_wie,0,253,756970,2163804,2223,1883,Pastizal,29,996103,C8,Pro_lot,0,253,756970,2163804,2223,1883,Pastizal,29,996104,C8,Mep_mac,0,253,756970,2163804,2223,1883,Pastizal,29,996105,C9,Odo_vir,11,281,755365,2160480,4302,522,Agricultura,360,71106,C9,Uro_cin,15,281,755365,2160480,4302,522,Agricultura,360,71107,C9,Can_lat,4,281,755365,2160480,4302,522,Agricultura,360,71108,C9,Con_leu,0,281,755365,2160480,4302,522,Agricultura,360,71109,C9,Did_vir,0,281,755365,2160480,4302,522,Agricultura,360,71110,C9,Lyn_ruf,2,281,755365,2160480,4302,522,Agricultura,360,71111,C9,Bas_ast,6,281,755365,2160480,4302,522,Agricultura,360,71112,C9,Syl_flo,8,281,755365,2160480,4302,522,Agricultura,360,71113,C9,Nas_nar,3,281,755365,2160480,4302,522,Agricultura,360,71114,C9,Pec_taj,0,281,755365,2160480,4302,522,Agricultura,360,71115,C9,Leo_wie,0,281,755365,2160480,4302,522,Agricultura,360,71116,C9,Pro_lot,0,281,755365,2160480,4302,522,Agricultura,360,71117,C9,Mep_mac,0,281,755365,2160480,4302,522,Agricultura,360,71